source,url,text
InstitutoLean,https://www.institutolean.org/que-es-lean,"Lean es un sistema para organizar y gestionar que se enfoca en crear el máximo valor añadido (VA) para el cliente/usuario/paciente, a la vez que elimina todo aquello que no añade valor (NVA), que realmente no es necesario, o que directamente perjudica nuestra manera de trabajar."
InstitutoLean,https://www.institutolean.org/que-es-lean,"Lean ayuda a mirar la manera en que trabajamos, en cómo nos organizamos, planificamos, y re-diseña y mejora la manera que tenemos de producir y entregar nuestro trabajo, a través de descubrir y eliminar cualquier actividad que no añade valor al producto o servicio del cliente. Consiguiendo que todas las actividades fluyan sin problemas ni contratiempos."
InstitutoLean,https://www.institutolean.org/que-es-lean,"""Hacer más con menos. Eliminar el No-Valor-Añadido, focalizándose en el cliente y el equipo."""
InstitutoLean,https://www.institutolean.org/que-es-lean,"Lean es una forma de pensar, una filosofía, sobre como crear el valor necesario con menos recursos y menos desperdicio. Es una filosofía, pero también un conjunto de metodologías, y con muchas herramientas prácticas para llevarlo a cabo."
InstitutoLean,https://www.institutolean.org/que-es-lean,menos costemenos esfuerzomenos tiempomenos materialmenos defectosmenos espaciomenos problemas
InstitutoLean,https://www.institutolean.org/que-es-lean,"Lean, se está convirtiendo en una de las rutas preferidas, pero qué se obtiene con Lean:"
InstitutoLean,https://www.institutolean.org/que-es-lean,"Según los expertos, hay tres grandes maneras de organizar el trabajo y las organizaciones:"
InstitutoLean,https://www.institutolean.org/que-es-lean,"En sus orígenes, el trabajo y las organizaciones se desarrollaban en procesos artesanales, y por artesanos: personas que hacían de todo."
InstitutoLean,https://www.institutolean.org/que-es-lean,"Frederik Taylor y Henry Ford popularizan un sistema basado en la gestión por procesos. Donde cada recurso (persona, máquina) realiza una sola función. De esta manera se focaliza solo en crear valor (VA), y se especializa, creando expertos."
InstitutoLean,https://www.institutolean.org/que-es-lean,"Pero esta focalización provoca problemas de comunicación, distintas velocidades, acumulaciones, esperas,... en definitiva valor no añadido (NVA)."
InstitutoLean,https://www.institutolean.org/que-es-lean,"Solamente el trabajar mucho, o concentrar el trabajo (incrementar el VA), consigue diluir el tiempo dedicado al No valor añadido (NVA), de ahí su nombre: Economía de Escala."
InstitutoLean,https://www.institutolean.org/que-es-lean,"Toyota crea el Toyota Production System, como una necesidad. Sin poder producir grandes cantidades de VA (el sistema de E.Escala no le sirve) para poder ser competitiva explora como reducir el NVA."
InstitutoLean,https://www.institutolean.org/que-es-lean,Toyota descubre y crea un conjunto de metodologías y herramientas para poder reducir y/o eliminar todo el trabajo que no es necesario: el NVA.
InstitutoLean,https://www.institutolean.org/que-es-lean,"A finales de los 70 un grupo de investigadores del MIT (Boston, USA), encabezados por JP Womack y D. Jones, descubren la nueva filosofía que había creado Toyota, y que permitía crear valor (VA) a la vez que eliminaba el no-valor y los problemas (NVA)."
InstitutoLean,https://www.institutolean.org/que-es-lean,"Esta filosofía se estudía, teoriza y objetiviza, y se da a conocer al gran público con el libroLean Thinking, en 1995."
InstitutoLean,https://www.institutolean.org/que-es-lean,"Agile, Design Thinking, ... Existen muchas metodologías que han ido apareciendo y aunque con orientaciones más particulares, se basan en los mismos principios."
InstitutoLean,https://www.institutolean.org/que-es-lean,"Sin hacer nada. Puede ser una persona, un material, una máquina, una información, ..."
InstitutoLean,https://www.institutolean.org/que-es-lean,"Desplazarse, Buscar, caminar, Mover... puede que sea necesario, pero tampoco añade valor."
InstitutoLean,https://www.institutolean.org/que-es-lean,"Son las acumulaciones, colas, estocs, pilas, salas de espera, mails por abrir, ..."
InstitutoLean,https://www.institutolean.org/que-es-lean,"Buena pregunta: sí y no. Lean tiene como objetivo maximizar el valor para los clientes, pacientes, usuarios, ... mejorando continuamente los procesos y haciendo que los costes disminuyan como consecuencia."
InstitutoLean,https://www.institutolean.org/que-es-lean,"La reducción de costes a veces se ve como el objetivo y eso es una malinterpretación. Evidentemente, si mejora la seguridad, la calidad, el flujo de trabajo, y la involucración, la mejora continua, ... la consecuencia es una disminución de los costes también. ¿Dónde invertir el ahorro? Esto te lo dejamos para ti. Pero piensa en las consecuencias a largo término, no solo a corto."
InstitutoLean,https://www.institutolean.org/que-es-lean,"Lean tiene como objetivo reducir el tiempo de entrega: el tiempo que lleva desde que paga a su proveedor hasta que recibe el pago de su cliente, o recibe las materias primas y entrega los productos terminados al cliente. Todo este tiempo eres un ‘banco’, ya que necesitas dinero (capital circulante) en tu proceso. La reducción del tiempo de entrega se está utilizando como PALANCA para mejorar también la satisfacción del cliente, la seguridad, la calidad, la entrega y los costes. Al reducir el tiempo de entrega, automáticamente mejora muchos otros problemas."
InstitutoLean,https://www.institutolean.org/que-es-lean,"Absolutamente. Aunque Lean se empezó a conocer en un principio por su uso en la industria automotriz en entornos de fabricación, hoy en día se ha ampliado con más éxito en una amplia variedad de sectores, tanto en pequeñas como en grandes empresas, en gobierno, sanidad, servicios y todo tipo de (procesos) industrias."
InstitutoLean,https://www.institutolean.org/que-es-lean,"En principio: sí. Lean se ha aplicado con éxito en muchos países y en muchas organizaciones diferentes. Pero: la cultura de una empresa o país puede desempeñar un papel en la facilidad de implementación. Lean, por ejemplo, está dirigido a la resolución de problemas. En algunas culturas no se ve bien mostrar tu problema, la gente prefiere ocultarlo. En Toyota, un dicho famoso es: ""No tener un problema, es un problema"", lo que significa que los problemas están y siempre estarán ahí para estudiar y mejorar sus habilidades para resolverlos. Lo que también puede ser difícil es la cultura de gestión detrás de mi escritorio. Se sabe que los gerentes lean gestionan visitando el Gemba (el lugar donde se crea valor), por lo que no sólo se sientan detrás de su escritorio. Esto puede ser un obstáculo a superar en una cultura. Pero acabas de aprender que ""no tener problemas, es un problema"", ¡así que usa estos desafíos para aprender a dominarlos!"
InstitutoLean,https://www.institutolean.org/que-es-lean,"No, diferentes entornos pueden tener diferentes problemas o lagunas. Lean no es una receta estándar, comienza observando el problema (""Aprender a ver"") con uno o más métodos Lean. Esto lo ayuda a comprender la situación y proporciona información sobre las causas raíz de los problemas. Luego puede contar las contramedidas apropiadas que le ayudarán a gestionar, trabajar o resolver el problema. Desafortunadamente, a veces la gente vende Lean como si fuera una receta simple y estándar, y luego encontrará que los resultados no son sostenibles."
InstitutoLean,https://www.institutolean.org/que-es-lean,"¡Pregunta difícil! Sí y No otra vez. No, ya que una vez que te pones en marcha parece muy fácil, pero cuanto más sabes y mejor te vuelves, más y/o mayores problemas te encuentras. Especialmente si intenta implementar Lean usted mismo sin que sus colegas entiendan lo que está tratando de hacer, puede ser difícil. Pero SÍ, ya que cualquiera puede entender Lean y puede aplicar algunos de los principios sin mucha formación. Sin embargo, tenga cuidado. Puede aplicar herramientas que no resuelven la causa raíz de su problema, ¡así que evite enamorarse de métodos y herramientas!"
InstitutoLean,https://www.institutolean.org/que-es-lean,"Lean analiza la eficiencia de maneras radicalmente diferentes en comparación con el pensamiento tradicional: Eficiencia aparenteversuseficiencia real La eficiencia aparente significa aumentar la producción sin cambios en el número de operarios o equipos, sin estar atado a las ventas o la demanda del mercado. Es una mejora matemática solamente. La verdadera eficiencia significa producir la cantidad de piezas o productos que se pueden vender utilizando la cantidad mínima posible de operarios y equipos. Verdaderos resultados eficientes en una verdadera reducción de costes. Eficiencia localversusproductividad total; como señaló Taiichi Ohno, debemos ser conscientes de que perseguir solo la eficiencia local provocará una sobreproducción y, en ocasiones, una disminución de la productividad total. Eficiencia local: significa aumentar la eficiencia en una determinada línea, proceso o máquina, completamente separada de los procesos o clientes anteriores o posteriores. Productividad total: en lugar de buscar la eficiencia aparente en un punto local, la productividad total significa buscar también mejorar la eficiencia real a lo largo de todo el flujo de producción, lo que da como resultado una mayor productividad general de la empresa (a veces llamada ""eficiencia del sistema"")."
InstitutoLean,https://www.institutolean.org/que-es-lean,Contacto+34 937156414This email address is being protected from spambots. You need JavaScript enabled to view it.
InstitutoLean,https://www.institutolean.org/que-es-lean,¿El objetivo del Lean es disminuir costes?
InstitutoLean,https://www.institutolean.org/que-es-lean,¿Cuál es la diferencia entre Lean y otras metodologías de mejora continua?
InstitutoLean,https://www.institutolean.org/que-es-lean,¿El Lean puede aplicarse en entornos no industriales?
InstitutoLean,https://www.institutolean.org/que-es-lean,¿El Lean funciona en cualquier entorno cultural?
InstitutoLean,https://www.institutolean.org/que-es-lean,¿El Lean facilita una receta estándar para el cambio?
InstitutoLean,https://www.institutolean.org/que-es-lean,¿El Lean es una nueva filosofía de gestión?
InstitutoLean,https://www.institutolean.org/que-es-lean,¿El Lean es un enfoque de mejora de eficiencia?
InstitutoLean,https://www.institutolean.org/que-es-lean,"Hazte miembro del Instituto Lean en mylean.org, y no te pierdas nada."
APD,https://www.apd.es/metodologia-lean-que-es/,Hay quien aún no sabequé es la metodología Lean. Este método es una nueva forma de gestionar los procesos que se desarrollan en una empresa. Tiene como objetivo limpiar las actividades que no aportan nada para obtener a cambio un producto y una experiencia final de gran calidad para los clientes.
APD,https://www.apd.es/metodologia-lean-que-es/,"El Lean es un método innovador que busca optimizar los procesos de gestión y productivos de la empresa que lo ponga en práctica. De este modo se utilizan menos recursos, por lo que cualquier proceso se convierte en más eficiente. Su máxima está enreducir la inversión, el tiempo y el esfuerzo."
APD,https://www.apd.es/metodologia-lean-que-es/,"Se trata de unafilosofía de gestión empresarial que nace en los años 80 en Japónde la mano de Taiichi Ohno, ingeniero de Toyota. Por aquella época, se centraba en conseguir que la fabricación de vehículos de la marca fuese más eficiente. La idea fue todo un éxito, ya que se consiguió mejorar la productividad a través de dos objetivos claros:"
APD,https://www.apd.es/metodologia-lean-que-es/,"A partir de ahí, este método pasó a utilizarse en todas las fábricas automovilísticas niponas, y acabó exportándose al resto del mundo. Con el paso del tiempo, se demostró que esaplicable a cualquier sector, persona o empresaque desee introducir o mejorar un producto o servicio en el mercado. Así surgió en 2011 elLean Manufacturing."
APD,https://www.apd.es/metodologia-lean-que-es/,"La metodología Lean tiene como objetivo principal buscaruna mayor satisfacción de los clientesempleando el menor número de recursos posibles y eliminando los desperdicios que no aportan valor. A estos se los denomina MUDA, una palabra que surge de la traducción de desperdicio en japonés."
APD,https://www.apd.es/metodologia-lean-que-es/,Es importante tener en cuentacinco puntos clavepara implantar la metodología Lean en los procesos productivos de cualquier empresa:
APD,https://www.apd.es/metodologia-lean-que-es/,"Existen multitud de ventajas derivadas de aplicar la metodología Lean en las empresas. Entre ellas, cabe destacar que mejoran la productividad porque se ocupan de la búsqueda de ‘cero defectos’. Además de este, existen otros beneficios como:"
APD,https://www.apd.es/metodologia-lean-que-es/,"Al optimizar los procesos de producción, se consiguen más servicios o productos. Y, traseliminar los gastos innecesarios, se reducen los costes."
APD,https://www.apd.es/metodologia-lean-que-es/,Se dispone de más recursos y de más tiempo para la mejora de los productos. También se cuenta con un producto mínimo viable quecumple las necesidades y expectativas del público específicoy se le entrega en el momento adecuado.
APD,https://www.apd.es/metodologia-lean-que-es/,"El emprendedor tiene un riesgo menor porque toma las decisiones sobre datos y no sobre apreciaciones. Se trata dedecisiones mejor fundamentadasy, por lo tanto, con menor posibilidad de error."
APD,https://www.apd.es/metodologia-lean-que-es/,"Existe una mayor carga de trabajo comercial que implica una disponibilidad inmediata de los productos, además de quese reducen los artículos defectuosos o el tiempo de inactividad."
APD,https://www.apd.es/metodologia-lean-que-es/,"Con este modelo de gestión se minimizan los despilfarros y se reduce la sobreproducción, permitiendo un ahorro en la administración del inventario."
APD,https://www.apd.es/metodologia-lean-que-es/,"Todos los empleados se sienten parte del proceso completo yse reduce la tasa de fracaso. Esto influye en la motivación del equipo y, por lo tanto, en su productividad. Además, habrá un mejor ambiente laboral, una característica imprescindible para el buen funcionamiento de cualquier empresa."
APD,https://www.apd.es/metodologia-lean-que-es/,"Desde hace décadas son numerosas las empresas multinacionales que, con gran acierto, han implementado el Lean Manufacturing como modelo de gestión. Aquí se exponen tres ejemplos en los que la aplicación excelente de este método es un auténtico éxito."
APD,https://www.apd.es/metodologia-lean-que-es/,"Además de ser los pioneros del Lean Manufacturing gracias a su director, también gracias a ellos surgió uno de los programas de procesos más famosos de todo el mundo. El conocido como 5S consiste ensistematizar, subordinar, sanear, sostener el proceso y simplificar."
APD,https://www.apd.es/metodologia-lean-que-es/,"Con este método fueron un paso más allá y dejaron ver al mundo cómo de eficiente es laproductividad asiática. Otro de los legados que deja la revolución empresarial de los 60 y que sirve para aplicarse en cualquier ámbito. De hecho, en Japón se ha implementado en el sistema educativo."
APD,https://www.apd.es/metodologia-lean-que-es/,"Esta longeva y clásica empresa norteamericana dedicada a la fabricación de maquinaria fueuna de las primeras compañías occidentales que se sumó al Lean. Fundada en el siglo XIX, apostó fuertemente por el modelo de mejora continua implementado en Toyota"
APD,https://www.apd.es/metodologia-lean-que-es/,"En su caso, la metodología Leanle sirvió para reducir los tiempos de fabricación, una cuestión de vital importancia para conseguir que los proyectos a largo plazo sean rentables."
APD,https://www.apd.es/metodologia-lean-que-es/,"Quizás, una de las empresas de material deportivo más importantes del mundo en la actualidad. En el año 2011, Nike decidió cambiar su sistema de producción y adaptarlo a la filosofía Lean. De este modo, apostaba por una nueva estrategia quele garantizaba la calidad del productoque ofrecía a sus clientes."
APD,https://www.apd.es/metodologia-lean-que-es/,"El cambio vino de la mano de unimportante proceso de formación de sus trabajadores, de manera que se ajustaba a uno de los principios de la metodología Lean: reducir el tiempo de producción, en este caso, gracias a la mejora de las capacidades del equipo."
APD,https://www.apd.es/metodologia-lean-que-es/,"En resumen, el métodoLean es perfecto para emprendedores que desean el éxitoy no disponen de un abultado presupuesto o planes de empresa muy elaborados. Gracias a este método se puede cambiar la filosofía de una empresa para que se ajuste a lo que realmente quieren sus clientes de una forma eficiente."
APD,https://www.apd.es/metodologia-lean-que-es/,Metodología Lean: qué es y cómo puede impulsar tu modelo de negocio
APD,https://www.apd.es/metodologia-lean-que-es/,Los 7 tipos de desperdicios que son enemigos de la producción eficiente
APD,https://www.apd.es/metodologia-lean-que-es/,¿Qué debes tener en cuenta para implantar la metodología Lean?
APD,https://www.apd.es/metodologia-lean-que-es/,Las ventajas derivadas de aplicar la metodología Lean en las empresas
APD,https://www.apd.es/metodologia-lean-que-es/,4. Reducción del plazo de ejecución y de las actividades sin valor
Atlassian,https://www.atlassian.com/es/agile/project-management/lean-methodology,El tablero de kanban de Jira estÃ¡ diseÃ±ado para que los usuarios puedan mejorar de forma continua la duraciÃ³n del ciclo y aumentar la eficiencia.
Atlassian,https://www.atlassian.com/es/agile/project-management/lean-methodology,"La metodologÃ­a lean se centra en la mejora continua, la eliminaciÃ³n del despilfarro y la entrega eficiente de valor al cliente."
Atlassian,https://www.atlassian.com/es/agile/project-management/lean-methodology,"Algunos de los principios bÃ¡sicos son identificar el valor, plasmar los flujos de valor, crear el flujo, incorporar cambios y buscar la perfecciÃ³n."
Atlassian,https://www.atlassian.com/es/agile/project-management/lean-methodology,"La metodologÃ­a lean mejora la eficiencia, reduce los costes y fomenta la participaciÃ³n del equipo mediante cambios graduales."
Atlassian,https://www.atlassian.com/es/agile/project-management/lean-methodology,"Aplica una metodologÃ­a lean para agilizar los procesos, mejorar la calidad y aumentar la satisfacciÃ³n de los clientes."
Atlassian,https://www.atlassian.com/es/agile/project-management/lean-methodology,"Al igual que los especialistas en control de misiones de la NASA, los gestores de proyectos deben hacer un seguimiento de numerosos aspectos para asegurarse de que su equipo entregue los proyectos sin incidentes. No obstante, mientras que la NASA gestiona las naves espaciales, los gestores de proyectos supervisan las entregas."
Atlassian,https://www.atlassian.com/es/agile/project-management/lean-methodology,"Las metodologÃ­as lean pueden ayudar a prevenir desastres en la gestiÃ³n de proyectos similares a la catÃ¡strofe del Apollo 13, ya que permiten entregar los proyectos a tiempo y sin salirse del presupuesto."
Atlassian,https://www.atlassian.com/es/agile/project-management/lean-methodology,"La metodologÃ­a lean facilita un proceso continuo de ajustes graduales, lo que acelera significativamente la entrega de productos al optimizar los recursos y los esfuerzos y permitir que los equipos trabajen de manera eficiente y eficaz."
Atlassian,https://www.atlassian.com/es/agile/project-management/lean-methodology,"En este artÃ­culo, obtendrÃ¡s mÃ¡s informaciÃ³n sobre la metodologÃ­a lean, sus ventajas y cÃ³mo tu equipo de software puede poner en prÃ¡ctica sus principios conJira."
Atlassian,https://www.atlassian.com/es/agile/project-management/lean-methodology,"La metodologÃ­a lean tiene como objetivo optimizar al mÃ¡ximo los procesos y los resultados de tu equipo mediante mejoras continuas. Cuando se practica correctamente, permite a los equipos aportar valor a los clientes de manera eficiente.Â"
Atlassian,https://www.atlassian.com/es/agile/project-management/lean-methodology,"El fundador de Toyota, Kiichiro Toyoda, desarrollÃ³ la metodologÃ­a lean despuÃ©s de la Segunda Guerra Mundial para ahorrar recursos y eliminar el despilfarro. Tras observar la compra y el reabastecimiento de artÃ­culos en un supermercado, concibiÃ³ el concepto &quot;just-in-time&quot; (justo a tiempo), que se centra en fabricar los productos exactamente cuando los clientes los necesitan.Â"
Atlassian,https://www.atlassian.com/es/agile/project-management/lean-methodology,"El concepto de Toyoda se transformÃ³ en elsistema de producciÃ³n de Toyota, que con el tiempo se convirtiÃ³ en la metodologÃ­a lean. A partir de estos modestos comienzos, la metodologÃ­a lean se convirtiÃ³ en la base de lagestiÃ³n Ã¡gil de proyectos, que ahora se utiliza en diversos sectores, como los del desarrollo de software, la construcciÃ³n y la sanidad."
Atlassian,https://www.atlassian.com/es/agile/project-management/lean-methodology,La metodologÃ­a lean se basa en dos pilares que proporcionan un marco para todos los proyectos lean: la mejora continua y el respeto por las personas.
Atlassian,https://www.atlassian.com/es/agile/project-management/lean-methodology,"Mejora continua:un ciclo de feedback continuo ayuda a los equipos a hacer cambios progresivos en los procesos, los productos y el personal para mejorar los sistemas de forma continua. Al identificar, evaluar y modificar los procesos o sistemas existentes paso a paso, los equipos pueden eliminar el despilfarro y mejorar la eficiencia en general."
Atlassian,https://www.atlassian.com/es/agile/project-management/lean-methodology,"Respeto: los gestores reconocen el valor de las contribuciones del equipo y los comentarios de los clientes, y se toman esas ideas y esos puntos de vista muy en serio. Los gestores que emplean la metodologÃ­a lean distribuyen las tareas en todo el flujo de trabajo de la manera mÃ¡s eficiente para fomentar la colaboraciÃ³n estrecha y aportar el mÃ¡ximo valor a los clientes.Â"
Atlassian,https://www.atlassian.com/es/agile/project-management/lean-methodology,Los principios fundamentales de la metodologÃ­a lean se han desarrollado teniendo en cuenta estos dos factores.
Atlassian,https://www.atlassian.com/es/agile/project-management/lean-methodology,"Es fundamental tener en cuenta el impacto que tendrÃ¡ tu trabajo en la experiencia del cliente. Los cinco principios fundamentales de la metodologÃ­a lean ayudan a los equipos a organizar las tareas y, a los gestores de proyectos, a supervisar. Estos cinco principios fundamentales son:"
Atlassian,https://www.atlassian.com/es/agile/project-management/lean-methodology,"Para aportar valor a tus clientes, primero tienes que conocer sus necesidades. Puedes hacerlo de estas formas:"
Atlassian,https://www.atlassian.com/es/agile/project-management/lean-methodology,Interactuando directamente con los clientes para obtener informaciÃ³n sobre sus puntos problemÃ¡ticos.
Atlassian,https://www.atlassian.com/es/agile/project-management/lean-methodology,"Luego, tienes que definir el valor que aporta tu producto para satisfacer las necesidades de los clientes y comunicarlo a tu equipo. Puedes hacerlo estructurando el trabajo del equipo en torno al impacto que tiene en la experiencia de los clientes e investigando cuÃ¡les son las mejores herramientas para ayudar a tu equipo a aportar valor a los clientes."
Atlassian,https://www.atlassian.com/es/agile/project-management/lean-methodology,"Identificar el valor ahorra tiempo y dinero, ya que permite que tu equipo solo cree funciones que aporten valor a tus clientes.Â"
Atlassian,https://www.atlassian.com/es/agile/project-management/lean-methodology,"Las actividades necesarias para ofrecer experiencias de calidad a los clientes forman parte del flujo de valor. Unmapa de flujo de valorutiliza diagramas para ayudar a visualizar el proceso del proyecto, lo que ayuda agestionar el flujo de valor, que es fundamental para eliminar el despilfarro.Â"
Atlassian,https://www.atlassian.com/es/agile/project-management/lean-methodology,"Identificar el problema y elegir el equipo adecuado:identifica los principales puntos problemÃ¡ticos de tus clientes y, a continuaciÃ³n, elige un equipo con las habilidades necesarias para resolverlos.Â"
Atlassian,https://www.atlassian.com/es/agile/project-management/lean-methodology,"Limitar y crear un mapa del proceso: limita el alcance del proyecto a las actividades necesarias. A continuaciÃ³n, puedes crear un mapa del proceso con laplantilla de tablero de scrumde Jira y fijar las fechas de cada entrega.Â"
Atlassian,https://www.atlassian.com/es/agile/project-management/lean-methodology,"Recopilar datos: debes saber quÃ© recursos son necesarios haciendo un seguimiento de los datos, como las horas que el equipo dedica a trabajar en el proyecto."
Atlassian,https://www.atlassian.com/es/agile/project-management/lean-methodology,"Evaluar y hacer ajustes: para conseguir la mejora continua de los procesos, evalÃºalos constantemente y pregunta &quot;Â¿Hay alguna forma mejor de hacerlo?&quot;."
Atlassian,https://www.atlassian.com/es/agile/project-management/lean-methodology,"Cuando todo va como la seda, nos encontramos en un &quot;estado de fluidez&quot;, tanto que no nos damos cuenta del paso del tiempo. Crear un estado de fluidez aumenta la implicaciÃ³n y el rendimiento del equipo.Â"
Atlassian,https://www.atlassian.com/es/agile/project-management/lean-methodology,"La fluidez del equipo refleja la eficiencia del flujo de valor, que puedes perfeccionar continuamente mediante el ciclo de feedback continuo. La metodologÃ­a lean requiere una fluidez continua para reducir los retrasos y minimizar los tiempos de entrega."
Atlassian,https://www.atlassian.com/es/agile/project-management/lean-methodology,"&quot;Cuando implementes lean, cÃ©ntrate en el flujo&quot;, afirma Mark Cruth, orientador de trabajo moderno de Atlassian. &quot;El flujo es el nÃºcleo de cada elemento que compone lean, sin importar si se trata de reducir el despilfarro, eliminar grupos aislados o mejorar continuamente... Â¡Todos los elementos vuelven al flujo!&quot;."
Atlassian,https://www.atlassian.com/es/agile/project-management/lean-methodology,"ColaboraciÃ³n multidisciplinar: el aislamiento es el peor enemigo de la metodologÃ­a lean. Tu equipo debe participar en todo el proceso y colaborar con otros equipos, si es necesario, para llevar a cabo sus tareas. Por ejemplo, esto puede implicar que participe el equipo de satisfacciÃ³n del cliente y preguntar su opiniÃ³n sobre los puntos problemÃ¡ticos de los clientes. AdemÃ¡s, tu equipo puede adquirir mÃ¡s conocimientos sobre el funcionamiento de otros departamentos."
Atlassian,https://www.atlassian.com/es/agile/project-management/lean-methodology,"Seguimiento de tareas: lostableros de kanban, o laplantilla de kanbande Jira, pueden ayudarte a asignar tareas, visualizar el trabajo y coordinar a tu equipo. Estas tarjetas ayudan a los equipos a hacer un seguimiento del progreso de las tareas a lo largo del ciclo de vida del proyecto.Â"
Atlassian,https://www.atlassian.com/es/agile/project-management/lean-methodology,"Con un sistema de incorporaciÃ³n, los equipos solo trabajan en lo que el cliente necesita cuando lo necesita y producen segÃºn la demanda real de los clientes, no segÃºn las proyecciones.Â"
Atlassian,https://www.atlassian.com/es/agile/project-management/lean-methodology,"Para evaluar con precisiÃ³n las necesidades de los clientes, el equipo debe hablar con ellos y pedir su opiniÃ³n."
Atlassian,https://www.atlassian.com/es/agile/project-management/lean-methodology,"La metodologÃ­a lean requiere una mentalidad de crecimiento y promueve el perfeccionamiento mediante la mejora continua, utilizando un ciclo continuo de comentarios para ayudar al responsable de proyectos, al equipo y a la empresa a reducir el despilfarro y mejorar la eficiencia."
Atlassian,https://www.atlassian.com/es/agile/project-management/lean-methodology,"Como gestor de proyectos, probablemente te hayas encontrado con uno o dos contratiempos en los proyectos, como tener que esperar a recibir comentarios de las partes interesadas. Si los comentarios llegan demasiado tarde, todo el proyecto se estanca. La metodologÃ­a lean tiene muchas ventajas que contrarrestan esos obstÃ¡culos, como:"
Atlassian,https://www.atlassian.com/es/agile/project-management/lean-methodology,"Mayor eficiencia:al crear un mapa de flujo de valor, puedes centrar la actividad en las necesidades de los clientes y eliminar el trabajo innecesario en productos y servicios que los clientes no desean.Â"
Atlassian,https://www.atlassian.com/es/agile/project-management/lean-methodology,"Menos problemas: la metodologÃ­a lean mitiga incidencias, como la falta de comunicaciÃ³n y los plazos poco realistas, antes de que vayan a peor. En cuanto a la comunicaciÃ³n, la metodologÃ­a lean proporciona seguimiento y transparencia para que todos tengan claras las tareas, las responsabilidades y los plazos. Como el equipo participa mÃ¡s estrechamente en el proceso, tambiÃ©n puede cuestionar cualquier plazo que no sea razonable.Â"
Atlassian,https://www.atlassian.com/es/agile/project-management/lean-methodology,"ReducciÃ³n de costes:si creas un plan claro y eliminas los obstÃ¡culos puedes ahorrar dinero, ya que solo produces lo suficiente para satisfacer la demanda de los clientes. De esa manera, no se produce mÃ¡s de lo necesario, lo que es especialmente importante en el caso de los productos fÃ­sicos.Â"
Atlassian,https://www.atlassian.com/es/agile/project-management/lean-methodology,"Mejora de las relaciones con los clientes:al centrarse en el valor para los clientes, se crean relaciones mÃ¡s sÃ³lidas con ellos, lo cual es crucial para una empresa.Â"
Atlassian,https://www.atlassian.com/es/agile/project-management/lean-methodology,Mejora continua:el ciclo de feedback continuo de la metodologÃ­a lean ayuda a perfeccionar y mejorar continuamente los procesos para aportar valor de manera eficiente.Â
Atlassian,https://www.atlassian.com/es/agile/project-management/lean-methodology,"ImplicaciÃ³n del equipo: dado que la metodologÃ­a lean requiere una mayor participaciÃ³n inicial por parte de tu equipo, este se comprometerÃ¡ mÃ¡s con el resultado. TendrÃ¡ algo que decir sobre en quÃ© estÃ¡ trabajando y cuÃ¡ndo espera terminarlo, pues un equipo capacitado es un equipo comprometido."
Atlassian,https://www.atlassian.com/es/agile/project-management/lean-methodology,"A pesar de sus numerosas ventajas, la metodologÃ­a lean puede presentar algunos desafÃ­os que los gestores de proyectos deberÃ­an reconocer y aprender a superar. Estos son algunos de ellos:"
Atlassian,https://www.atlassian.com/es/agile/project-management/lean-methodology,"Falta de apoyo de la direcciÃ³n:si la direcciÃ³n no respalda la metodologÃ­a lean, esto puede convertirse en un obstÃ¡culo para su adopciÃ³n por parte del equipo.Â"
Atlassian,https://www.atlassian.com/es/agile/project-management/lean-methodology,SoluciÃ³n:consigue la aceptaciÃ³n del equipo lo antes posible y muÃ©strales lo Ãºtil que puede ser la metodologÃ­a lean.
Atlassian,https://www.atlassian.com/es/agile/project-management/lean-methodology,"FormaciÃ³n insuficiente:si el equipo estÃ¡ mal formado, esto puede afectar negativamente a su rendimiento. Si no entienden cÃ³mo es el proceso lean, Â¿cÃ³mo puedes esperar que lo integren fÃ¡cilmente?Â Â"
Atlassian,https://www.atlassian.com/es/agile/project-management/lean-methodology,"SoluciÃ³n:al incorporar al equipo, proporciona la formaciÃ³n adecuada sobre metodologÃ­a lean. Puedes inscribir a tu equipo en unprograma de certificaciÃ³n leanque ofrezca formaciÃ³n prÃ¡ctica. Con una certificaciÃ³n, tendrÃ¡s la tranquilidad de que tienen los conocimientos adecuados de los mÃ©todos lean.Â"
Atlassian,https://www.atlassian.com/es/agile/project-management/lean-methodology,"Centrarse en las herramientas en vez de en la cultura:dar prioridad a las herramientas en vez de a las personas reduce la implicaciÃ³n del equipo. En la metodologÃ­a lean, hacer hincapiÃ© en las herramientas puede deshumanizar y devaluar a tu equipo y su trabajo. Cuando un equipo no se siente valorado, es menos probable que dÃ© lo mejor de sÃ­.Â Â"
Atlassian,https://www.atlassian.com/es/agile/project-management/lean-methodology,"SoluciÃ³n:fomenta una cultura de confianza con la filosofÃ­a demejora continuade la metodologÃ­a lean. Proporcionar feedback continuo y oportunidades de crecimiento demostrarÃ¡ a tu equipo que, como responsable, te interesa su desarrollo profesional."
Atlassian,https://www.atlassian.com/es/agile/project-management/lean-methodology,"Centrarse poco en las mÃ©tricas:en la metodologÃ­a lean, las mÃ©tricas son clave para la mejora del equipo.Â Â"
Atlassian,https://www.atlassian.com/es/agile/project-management/lean-methodology,SoluciÃ³n:presta atenciÃ³n a las mÃ©tricas para medir el Ã©xito del proyecto y buscar Ã¡reas de mejora para desarrollar tu equipo.
Atlassian,https://www.atlassian.com/es/agile/project-management/lean-methodology,"La metodologÃ­a lean agiliza la gestiÃ³n de proyectos y mantiene la agilidad del equipo, ya que elimina el despilfarro y optimiza continuamente los procesos.Â"
Atlassian,https://www.atlassian.com/es/agile/project-management/lean-methodology,"Jirapuede ayudar a los equipos de software a aplicar la metodologÃ­a lean y a ofrecer mÃ¡s valor a los clientes. La informaciÃ³n contextual permite a los equipos desarrollar y entrenar sus habilidades para aprender y mejorar continuamente su forma de trabajar. Gracias a los tableros de scrum y kanban, tu equipo dispondrÃ¡ de total visibilidad respecto al futuro para lograr constantemente la mÃ¡xima producciÃ³n en el menor tiempo posible. Al emplear Jira como pilar de la colaboraciÃ³n, se puede mantener la sintonÃ­a entre todos los equipos y entre estos y el resto de la organizaciÃ³n."
Atlassian,https://www.atlassian.com/es/agile/project-management/lean-methodology,"JiraÂ tambiÃ©n permite a las empresas visualizar los flujos de valor. Gracias a ello, tu empresa puede: Â"
Atlassian,https://www.atlassian.com/es/agile/project-management/lean-methodology,Configurar la automatizaciÃ³n del flujo de procesos. Ayuda a tus equipos a recuperar tiempo y reduce el trabajo manual con el potente motor de automatizaciÃ³n de Jira. Sintoniza el trabajo con las necesidades empresariales. Comprueba cÃ³mo el trabajo diario contribuye a alcanzar los objetivos estratÃ©gicos y mantiene informadas a las partes interesadas importantes con informes Ã¡giles listos para usar.Â
Atlassian,https://www.atlassian.com/es/agile/project-management/lean-methodology,Hacer un seguimiento de las inversiones. SÃ© consciente de los recursos que se utilizan y el tiempo que se dedica a cada proyecto para poder asignar los esfuerzos de forma adecuada para el siguiente.Â
Atlassian,https://www.atlassian.com/es/agile/project-management/lean-methodology,Detectar los obstÃ¡culos. Identifica los posibles obstÃ¡culos y evÃ­talos antes de que se produzcan.Â
Atlassian,https://www.atlassian.com/es/agile/project-management/lean-methodology,"Aportar valor continuamente. Con mÃ¡s claridad y visiÃ³n, tu equipo podrÃ¡ aportar valor de forma constante a los clientes y a la empresa en su conjunto."
Atlassian,https://www.atlassian.com/es/agile/project-management/lean-methodology,"Esta soluciÃ³n tambiÃ©n funciona bien con otros mÃ©todos, como la metodologÃ­a Ã¡gil,Open DevOpsy la gestiÃ³n del flujo de valor."
Atlassian,https://www.atlassian.com/es/agile/project-management/lean-methodology,"A primera vista, parece difÃ­cil distinguir entre la metodologÃ­a lean y la Ã¡gil. Si bien ambas se centran en la eficiencia y el valor para el cliente, hacen hincapiÃ© en diferentes aspectos de la gestiÃ³n de proyectos. La metodologÃ­a lean se centra en la eliminaciÃ³n del despilfarro, el proceso y la aportaciÃ³n de valor, mientras que la metodologÃ­a Ã¡gil se centra en los clientes, en mitigar la incertidumbre y en ofrecer un software que funcione."
Atlassian,https://www.atlassian.com/es/agile/project-management/lean-methodology,"Enfoque:como enfoque descendente, la metodologÃ­a lean se preocupa por las mejoras de los procesos. Sin embargo, la metodologÃ­a Ã¡gil es un enfoque ascendente en el que el trabajo se divide en ciclos de iteraciÃ³n mÃ¡s pequeÃ±os.Â"
Atlassian,https://www.atlassian.com/es/agile/project-management/lean-methodology,"Entrega de productos:tanto los equipos que utilizan la metodologÃ­a lean como los que utilizan la Ã¡gil trabajan rÃ¡pido para entregar los productos lo antes posible. Sin embargo, la metodologÃ­a Ã¡gil se preocupa menos por la velocidad que por el feedback. Por lo tanto, los equipos Ã¡giles desarrollan algo mÃ¡s pequeÃ±o, reciben el feedback e iteran. Por otro lado, la metodologÃ­a lean se centra en mejorar el proceso general para entregar mÃ¡s rÃ¡pido.Â Â"
Atlassian,https://www.atlassian.com/es/agile/project-management/lean-methodology,"Marcos: la metodologÃ­a lean no tiene marcos de trabajo especÃ­ficos, mientras que la Ã¡gil, sÃ­. Scrum y kanban son dos marcos degestiÃ³n Ã¡gil de proyectosque te permiten aplicar los principios de la metodologÃ­a Ã¡gil. Jira ofrece unaplantilla de scrumy unaplantilla de kanbanpara ayudar a los gestores de proyectos a iniciarse en la metodologÃ­a Ã¡gil."
Atlassian,https://www.atlassian.com/es/agile/project-management/lean-methodology,"DevOpscrea una colaboraciÃ³n funcional entre los equipos de desarrollo y operativos, lo que permite una entrega de software mÃ¡s rÃ¡pida. Esta es la filosofÃ­a fundamental de DevOps: aportar valor a la empresa de forma continua a travÃ©s de una cultura de comprensiÃ³n y colaboraciÃ³n.Â Â"
Atlassian,https://www.atlassian.com/es/agile/project-management/lean-methodology,"Por otro lado, la filosofÃ­a fundamental de la metodologÃ­a lean es aportar valor mediante la mejora de los procesos y la eliminaciÃ³n del despilfarro.Â"
Atlassian,https://www.atlassian.com/es/agile/project-management/lean-methodology,"Lean y DevOps son metodologÃ­as centradas en el cliente, pero se diferencian en dos Ã¡reas principales:"
Atlassian,https://www.atlassian.com/es/agile/project-management/lean-methodology,"Valor para los clientes:DevOps crea mapas de imÃ¡genes de empatÃ­a con los clientes, que asocian los objetivos empresariales al valor que aportan a los clientes. Por otro lado, la metodologÃ­a lean elige las actividades que aportan valor a los clientes en funciÃ³n de las necesidades.Â"
Atlassian,https://www.atlassian.com/es/agile/project-management/lean-methodology,"Enfoque:DevOps integra el desarrollo y las operaciones con la documentaciÃ³n y la colaboraciÃ³n. La metodologÃ­a lean optimiza los procesos, los recursos y el esfuerzo.Â"
Atlassian,https://www.atlassian.com/es/agile/project-management/lean-methodology,"AdemÃ¡s, DevOps automatiza las tareas rutinarias, como las solicitudes de incorporaciÃ³n de cambios, en las que laguÃ­a para principiantes de DevOpsprofundiza con mÃ¡s detalle.Â"
Atlassian,https://www.atlassian.com/es/agile/project-management/lean-methodology,"Si ya utilizas DevOps,Open DevOps(una base de DevOps lista para usar enJiracon un enfoque de herramientas abiertas y la automatizaciÃ³n) puede ayudar a tu equipo de metodologÃ­a Ã¡gil a centrarse en las entregas, en gestionar software de calidad y en poner en prÃ¡ctica el enfoque de TI &quot;tÃº lo creas, tÃº lo gestionas&quot;, asociado a los principios de DevOps."
Atlassian,https://www.atlassian.com/es/agile/project-management/lean-methodology,"SÃ­. Estas metodologÃ­as se complementan entre sÃ­ en su objetivo de ofrecer calidad y valor a los clientes. DevOps elimina el aislamiento para integrar los equipos de desarrollo y operaciones, la metodologÃ­a Ã¡gil fomenta la mejora continua y la metodologÃ­a lean pone en prÃ¡ctica los principios de mejora continua.Â"
Atlassian,https://www.atlassian.com/es/agile/project-management/lean-methodology,"Usar las tres metodologÃ­as puede acelerar la entrega de los productos y el valor para los clientes. Por ejemplo, puede que tu empresa utilice las tres, pero no de forma conjunta. La metodologÃ­a lean puede ayudarte a mejorar tu proceso Ã¡gil, y el enfoque iterativo de la metodologÃ­a Ã¡gil puede respaldar la mejora continua de la lean. Con DevOps, puedes mejorar la colaboraciÃ³n entre equipos.Â"
Atlassian,https://www.atlassian.com/es/agile/project-management/lean-methodology,"Con las tres, tu empresa se convertirÃ­a en toda una potencia, ya que aportarÃ­a valor a los clientes a travÃ©s de prÃ¡cticas mÃ¡s eficientes.Â"
Atlassian,https://www.atlassian.com/es/agile/project-management/lean-methodology,Puedes conectar estas metodologÃ­as con el conjunto de herramientas de gestiÃ³n de proyectos de Atlassian.
Atlassian,https://www.atlassian.com/es/agile/project-management/lean-methodology,"Echa un vistazo a nuestra biblioteca de plantillas personalizadas de Jira para varios equipos, departamentos y flujos de trabajo."
Atlassian,https://www.atlassian.com/es/agile/project-management/lean-methodology,Usa esta guÃ­a paso a paso para descubrir las funciones esenciales y las prÃ¡cticas recomendadas para maximizar tu productividad.
Atlassian,https://www.atlassian.com/es/agile/project-management/lean-methodology,"Tanto si eres principiante como si ya tienes nivel de experto, usa esta guÃ­a de Git para aprender los conceptos bÃ¡sicos con tutoriales y consejos Ãºtiles."
Atlassian,https://www.atlassian.com/es/agile/project-management/lean-methodology,DescripciÃ³n general de la metodologÃ­a lean
Atlassian,https://www.atlassian.com/es/agile/project-management/lean-methodology,4. Establecer un sistema de incorporaciÃ³n
Atlassian,https://www.atlassian.com/es/agile/project-management/lean-methodology,Posibles desafÃ­os de la metodologÃ­a lean
Atlassian,https://www.atlassian.com/es/agile/project-management/lean-methodology,Â¿CuÃ¡l es la diferencia entre la metodologÃ­a Ã¡gil y la metodologÃ­a lean?
Atlassian,https://www.atlassian.com/es/agile/project-management/lean-methodology,Â¿CuÃ¡l es la diferencia entre DevOps y la metodologÃ­a lean?
Atlassian,https://www.atlassian.com/es/agile/project-management/lean-methodology,"Â¿Puedes usar la metodologÃ­a Ã¡gil, la metodologÃ­a lean y DevOps al mismo tiempo?"
LeanOrgExplorar,https://www.lean.org/explore-lean/what-is-lean/,Daily Management to Execute Strategy: Solving problems and developing people every day
LeanOrgExplorar,https://www.lean.org/explore-lean/what-is-lean/,"Lean thinking always starts with the customer.What does the customervalue? Or, stated differently and in a way that invites concrete action, what problem does the customer need to solve?"
LeanOrgExplorar,https://www.lean.org/explore-lean/what-is-lean/,"Lean practice begins with thework— the actions that directly and indirectly create value for the customer — and the people doing that work. Through ongoing experimentation, workers and managers learn by innovating in their work — be it physical or knowledge work — for increasingly better quality and flow, less time and effort, and lower cost. Therefore, an organization characterized by lean practice is highly adaptive to its ever-changing environment when compared to its peers because of the systematic and continuous learning engendered bylean thinking and practice."
LeanOrgExplorar,https://www.lean.org/explore-lean/what-is-lean/,"Alean enterpriseis organized to keep understanding the customer and their context, i.e., specifying value and looking for better ways to provide it:"
LeanOrgExplorar,https://www.lean.org/explore-lean/what-is-lean/,"Lean enterprises, both ongoing firms and startups, endlessly address fundamental questions ofpurpose, process, and people:"
LeanOrgExplorar,https://www.lean.org/explore-lean/what-is-lean/,"Lean thinking has a moral compass:respect for the humanityof customers, employees, suppliers, investors, and our communities with the belief that all can and will be better off through lean practices. Lean is not dogmatic. It’s not a rigid, unchanging set of beliefs and methods. Instead, it progresses in the context of specific situations. There is no endpoint as long as value is imperfectly created, andwasteexists.Learn about thebrief history of lean thinking and practice."
LeanOrgExplorar,https://www.lean.org/explore-lean/what-is-lean/,"Let’s elevate the work. Celebrate it. And, with that, let’s treat it—the work—with the deep respect it deserves."
LeanOrgExplorar,https://www.lean.org/explore-lean/what-is-lean/,"From executivecoachingin strategy development, deployment, and alignment to engaging employees to create a culture of problem-solving and everything in between, see how lean thinking and practice can elevate your organization’s performance."
LeanOrgExplorar,https://www.lean.org/explore-lean/what-is-lean/,"©Copyright 2000-2026Lean Enterprise Institute, Inc. All rights reserved.Lean Enterprise Institute, the leaper image, and stick figure are registered trademarks of Lean Enterprise Institute, Inc."
LeanOrgExplorar,https://www.lean.org/explore-lean/what-is-lean/,Lean is a way of thinking about creating needed value with fewer resources and less waste. And lean is a practice consisting of continuous experimentation to achieve perfect value with zero waste. Lean thinking and practice occur together.
LeanOrgExplorar,https://www.lean.org/explore-lean/what-is-lean/,Subscribe to get the very best of lean thinking delivered right to your inbox
BBVA,https://www.bbva.com/es/innovacion/que-es-el-metodo-lean-startup-y-por-que-es-efectivo/,"Ser emprendedory crear un proyecto desde cero conlleva el aprendizaje de muchos aspectos clave para el negocio. 'Lean Startup' se ha convertido en una de las metodologÃ­as mÃ¡s utilizadas para convertir una idea inicial en productos y servicios que satisfacen las necesidades de los usuarios. Agilidad, eficiencia y mejora en funciÃ³n del 'feedback' del cliente son las claves de esta metodologÃ­aÂ  que se basa en lanzar un producto mÃ­nimo viable al mercado para testar su viabilidad y afinarlo en un proceso iterativo."
BBVA,https://www.bbva.com/es/innovacion/que-es-el-metodo-lean-startup-y-por-que-es-efectivo/,"âLa Ãºnica forma de ganar es aprender mÃ¡s rÃ¡pido que nadieâ. El libro 'El mÃ©todo 'Lean Startup': cÃ³mo crear empresas de Ã©xito utilizando la innovaciÃ³n continua', publicado en 2011, recoge esta afirmaciÃ³n de Eric Reis. Este empresario estadounidense, que popularizÃ³ esta metodologÃ­a de trabajo, adquiriÃ³ sus conocimientos de Steve Blank, emprendedor de Silicon Valley y su mentor. Ambos creÃ­an que âel Ã©xito puede ser diseÃ±adoâ siguiendo los procesos correctos."
BBVA,https://www.bbva.com/es/innovacion/que-es-el-metodo-lean-startup-y-por-que-es-efectivo/,"El mÃ©todo 'Lean Startup' ha cambiado desde entonces la forma en la que muchas empresas desarrollan suproyecto desde la fase presemillahasta convertirse en startups de Ã©xito con posibilidades de expandirse internacionalmente. El objetivo de esta metodologÃ­a es la creaciÃ³n de unproducto mÃ­nimo viable(MVP, por sus siglas en inglÃ©s) que pueda sertesteado en el mercado y mejorado a travÃ©s del âaprendizaje validadoâ, es decir, el 'feedback' recibido por parte del pÃºblico potencial."
BBVA,https://www.bbva.com/es/innovacion/que-es-el-metodo-lean-startup-y-por-que-es-efectivo/,"De este modo, se prueban prototipos adaptados a las necesidades de los clientes hasta concebir un producto o servicio final adaptado al mercado. TambiÃ©n se agiliza el mÃ¡ximo el lanzamiento de los productos para evitar malgastar tiempo en procesos innecesarios. 'Lean Startup' es, por ello, un enfoque de trabajo centrado en la eficiencia y el aprendizaje continuo que permiteconstruir, medir y aprenderde los errores a travÃ©s de un proceso iterativo y que se adapta a las caracterÃ­sticas de las compaÃ±Ã­as emergentes."
BBVA,https://www.bbva.com/es/innovacion/que-es-el-metodo-lean-startup-y-por-que-es-efectivo/,"En la aplicaciÃ³n del mÃ©todo 'Lean Startup' se distinguen varias etapas, desde la detecciÃ³n de la necesidad del cliente a la creaciÃ³n del producto e incluso el cambio de estrategia cuando sea necesario:"
BBVA,https://www.bbva.com/es/innovacion/que-es-el-metodo-lean-startup-y-por-que-es-efectivo/,Existen algunas herramientas que ayudan a implementar la metodologÃ­a 'Lean Startup' en una compaÃ±Ã­a.
BBVA,https://www.bbva.com/es/innovacion/que-es-el-metodo-lean-startup-y-por-que-es-efectivo/,"En definitiva, el mÃ©todo 'Lean Startup' es un modelo de trabajo quereduce tiempo en cada fase del proyecto y minimiza los recursos invertidospara ser mÃ¡s Ã¡giles en la validaciÃ³n de hipÃ³tesis. Una metodologÃ­a ideal para las empresas innovadoras incipientes: aporta una hoja de ruta clara por la que comenzar a desarrollar el trabajo, desde el lienzo en blanco hasta el lanzamiento de un productoÂ  y su mejora posterior para que impacte en el mercado."
BBVA,https://www.bbva.com/es/innovacion/que-es-el-metodo-lean-startup-y-por-que-es-efectivo/,Gobierno corporativo y PolÃ­tica de Remuneraciones
BBVA,https://www.bbva.com/es/innovacion/que-es-el-metodo-lean-startup-y-por-que-es-efectivo/,Â¿QuÃ© es el mÃ©todo 'Lean Startup' y por quÃ© es efectivo?
BBVA,https://www.bbva.com/es/innovacion/que-es-el-metodo-lean-startup-y-por-que-es-efectivo/,Podcast | InnovaciÃ³n abierta desde dentro: el modelo de Incubadora de BBVA
BBVA,https://www.bbva.com/es/innovacion/que-es-el-metodo-lean-startup-y-por-que-es-efectivo/,Herramientas para aplicar el mÃ©todo 'Lean Startup'
Mecalux,https://www.mecalux.com.mx/blog/metodologia-lean,"Easy WMS controla y optimiza todas las operaciones del almacén, maximizando rendimiento y rentabilidad"
Mecalux,https://www.mecalux.com.mx/blog/metodologia-lean,Easy DOM elige los puntos de expedición óptimos en una red de almacenes y centros de distribución
Mecalux,https://www.mecalux.com.mx/blog/metodologia-lean,Easy WES orquesta tareas y recursos para potenciar la productividad en ecosistemas automatizados
Mecalux,https://www.mecalux.com.mx/blog/metodologia-lean,Easy WCS integra los equipos automatizados para un control sincronizado del flujo de materiales
Mecalux,https://www.mecalux.com.mx/blog/metodologia-lean,Transforme la gestión del almacén con herramientas de IA generativa que potencian la eficiencia
Mecalux,https://www.mecalux.com.mx/blog/metodologia-lean,Acelere la implementación y reduzca costos con soluciones en la nube flexibles y escalables
Mecalux,https://www.mecalux.com.mx/blog/metodologia-lean,Obtenga total visibilidad al monitorear en tiempo real el rendimiento del almacén
Mecalux,https://www.mecalux.com.mx/blog/metodologia-lean,"Lametodologíaleandemuestra que, para prosperar, no siempre hay que incorporar más recursos o capas de complejidad a los procesos de una empresa. Se centra en eliminar todo aquello que no resulta necesario aplicando técnicas demejora continua. En este artículo, explicaremos qué es y cómo funciona la metodologíaleany analizaremos algunas de sus aplicaciones en logística."
Mecalux,https://www.mecalux.com.mx/blog/metodologia-lean,"Lametodologíaleanes un conjunto de métodos ideado para optimizar la organización, producción y logística de las empresas. Su objetivo es reducir los recursos, el tiempo y el esfuerzo dedicados haciendo que los procesos sean más eficientes."
Mecalux,https://www.mecalux.com.mx/blog/metodologia-lean,"Esta serie de prácticas y principios busca generar el mayor valor posible para el cliente final mediante la entrega de productos y servicios de alta calidad, en el momento preciso y con el costo más competitivo. Lo consigue gracias a la creación de un flujo de valor continuo, sin interrupciones, y a la búsqueda constante de la perfección. Todo ello, al tiempo que fomenta un ambiente donde se incentiva el trabajo en equipo y el respeto mutuo."
Mecalux,https://www.mecalux.com.mx/blog/metodologia-lean,"Pese a que la metodologíaleanes aplicable a todo tipo de sectores, inicialmente estuvo muy ligada a la industria automotriz. Sus raíces se remontan al momento en que elfundador de Toyota, Kiichiro Toyoda, decidió crear una nueva división en su empresa textil y consagrarla a la producción de autos."
Mecalux,https://www.mecalux.com.mx/blog/metodologia-lean,"Inspirado en elsistema Fordy en la rápida expansión del auto en Estados Unidos, Toyoda comenzó a fabricar sus propios autos. No obstante, acontecimientos como la Segunda Guerra Mundial hicieron descender la demanda y obligaron a Toyota a adoptar un modelo de producción flexible. Dadas las circunstancias, ingenieros de la compañía comoTaiichi Ohnobuscaron formas de recortar los procesos a su mínima esencia para trabajar de manera eficiente, conformandolos principios de Toyota. Sin embargo, la metodologíaleanno ganó popularidad entre las empresas japonesas y americanas hasta los setenta y principios de los ochenta."
Mecalux,https://www.mecalux.com.mx/blog/metodologia-lean,"La metodologíaleanse cimenta sobre tres fundamentos principales que no son otros que la mejora continua, la generación de valor y la eliminación de los desperdicios. Aplicarlos correctamente y respetar a las personas que integran los equipos fomenta una toma de decisiones más inteligente y hace que las organizaciones sean más saludables y productivas."
Mecalux,https://www.mecalux.com.mx/blog/metodologia-lean,La metodologíaleanse divide en cinco principios que rigen cómo conseguir una gestión eficaz:
Mecalux,https://www.mecalux.com.mx/blog/metodologia-lean,"En la metodologíalean, se denomina desperdicios omudasa aquellas actividades que no contribuyen al valor del producto o servicio. Son el resultado de deficiencias en la producción o la gestión que podrían haberse evitado."
Mecalux,https://www.mecalux.com.mx/blog/metodologia-lean,"A continuación, se describen los ocho desperdicios o ineficiencias que, según el métodolean, pueden darse en fábricas, almacenes, centros de distribución u oficinas cuando el trabajo no se organiza correctamente. Para referirse a ellos de forma abreviada, se utiliza el acrónimo ingléstimwoods:"
Mecalux,https://www.mecalux.com.mx/blog/metodologia-lean,Las máximasleantambién pueden aplicarse en el mundo de la logística. Esta estrategia conocida comolean logisticsse refleja en los siguientes aspectos:
Mecalux,https://www.mecalux.com.mx/blog/metodologia-lean,"En definitiva, la metodologíaleanfacilita el intercambio de información e ideas entre los miembros de un equipo. Las culturas que la dominan integran la eliminación de los desperdicios y la efectividad como una parte natural de sus procesos, y los niveles de eficiencia e innovación de la organización crecen."
Mecalux,https://www.mecalux.com.mx/blog/metodologia-lean,"La metodologíaleanoptimiza la organización, producción y logística empresarial, reduciendo inversiones, tiempo y esfuerzo para lograr procesos más eficientes. Busca maximizar el valor para el cliente."
Mecalux,https://www.mecalux.com.mx/blog/metodologia-lean,La metodologíaleanse basa en la mejora continua para simplificar el trabajo y rebajar desperdicios. Conduce a decisiones más inteligentes y organizaciones más sanas y productivas.
Mecalux,https://www.mecalux.com.mx/blog/metodologia-lean,"La metodologíaleanse guía por cinco principios: identificar el valor, visualizar el flujo, simplificar el trabajo, usar el sistemapully buscar la mejora constante. Estos principios persiguen eliminar lo innecesario, maximizar procesos y responder a la demanda real para alcanzar la perfección."
Mecalux,https://www.mecalux.com.mx/blog/metodologia-lean,"Leanidentifica ocho desperdicios en la organización del trabajo: transporte, inventario, movimiento, espera, sobreprocesamiento, sobreproducción, defectos y habilidades no aprovechadas. Minimizar estos desperdicios optimiza recursos y mejora la productividad y satisfacción del cliente."
Mecalux,https://www.mecalux.com.mx/blog/metodologia-lean,"Los métodosleanse aplican a la cadena de suministro mediante tecnología como la automatización de almacenes, la planificación eficiente y la minimización de errores con el uso de un sistema WMS de gestión de almacenes."
Mecalux,https://www.mecalux.com.mx/blog/metodologia-lean,Si quiere saber más sobre nuestra empresa y nuestros productos póngase en contacto con nosotros
Mecalux,https://www.mecalux.com.mx/blog/metodologia-lean,Picking unitario: qué es y cómo organizarlo para optimizar la preparación de pedidos
Mecalux,https://www.mecalux.com.mx/blog/metodologia-lean,Relocalización de almacenes: guía para planificar y realizar un traslado eficiente
Mecalux,https://www.mecalux.com.mx/blog/metodologia-lean,"Somos especialistas en estanterías para palets, estanterías de picking, almacenes automáticos y software logístico. Le asesoramos sin compromiso sobre sistemas de almacenaje."
Mecalux,https://www.mecalux.com.mx/blog/metodologia-lean,Metodología ‘lean’: principios y ejemplos para la empresa
Mecalux,https://www.mecalux.com.mx/blog/metodologia-lean,Los 5 principios de la metodología ‘lean’
Mecalux,https://www.mecalux.com.mx/blog/metodologia-lean,¿Cuántos desperdicios contempla la metodología ‘lean’?
Mecalux,https://www.mecalux.com.mx/blog/metodologia-lean,La metodología ‘lean’ resumida en 5 preguntas
Mecalux,https://www.mecalux.com.mx/blog/metodologia-lean,¿Cuáles son los ideales del método ‘lean’?
Mecalux,https://www.mecalux.com.mx/blog/metodologia-lean,¿Cuáles son los principios del método ‘lean’?
Mecalux,https://www.mecalux.com.mx/blog/metodologia-lean,¿Cómo se aplica la metodología ‘lean’ en la logística?
KaizenInsights,https://kaizen.com/es/insights-es/comprender-lean-manufacturing-guia/,"La fabricación Lean marca una evolución en las prácticas de producción y gestión operacional de las empresas. Originaria de Japón, junto con el Sistema de Producción de Toyota, esta filosofía revolucionó la industria al proponer un enfoque centrado en la maximización del valor para el cliente, eliminando todo aquello que no contribuye directamente a ese objetivo. Al enfatizar la eficiencia operacional y la mejora continua, la fabricación Lean busca optimizar procesos, reducir desperdicios y crear productos de alta calidad, respondiendo de manera ágil y flexible a los cambios del mercado. Este artículo explora la esencia de la fabricación Lean y también su evolución en la era de la tecnología y latransformación digital."
KaizenInsights,https://kaizen.com/es/insights-es/comprender-lean-manufacturing-guia/,"La fabricación Lean es un enfoque de gestión originario del Sistema de Producción de Toyota, concebido en Japón tras la Segunda Guerra Mundial. Esta filosofía busca la maximización del valor para el cliente a través de la eliminación de desperdicios, es decir, busca optimizar procesos utilizando menos recursos y enfocarse en lo que es esencial para responder a las exigencias de los clientes."
KaizenInsights,https://kaizen.com/es/insights-es/comprender-lean-manufacturing-guia/,"Este modelo de producción se distingue por ser un enfoque holístico e integrado, enfocado en la eliminación de actividades que no añaden valor al producto final. El «desperdicio» puede tomar diversas formas, incluyendo producción en exceso, transporte, exceso de procesamiento, defectos, entre otros. La filosofía Lean utiliza herramientas y técnicas específicas para identificar y eliminar estos desperdicios."
KaizenInsights,https://kaizen.com/es/insights-es/comprender-lean-manufacturing-guia/,"El significado de la fabricación Lean trasciende la simple reducción de costes o eficiencia operacional. Pretende desarrollar unacultura de mejora continua, donde la participación activa de los empleados en todos los niveles de la organización es fundamental. Esta aproximación no solo mejora la calidad de los productos y procesos, sino que también contribuye a un mejor ambiente de trabajo."
KaizenInsights,https://kaizen.com/es/insights-es/comprender-lean-manufacturing-guia/,"Implementar la fabricación lean exige un cambio de mentalidad en toda la organización, desde la alta dirección hasta los operadores de línea. Es un compromiso con la excelencia operacional que coloca al cliente en el centro de todas las decisiones. Al tomar esta dirección, las empresas no solo responden mejor a las necesidades de los clientes, sino que también se vuelven más ágiles, flexibles y serán capaces de reaccionar a los cambios del mercado con mayor eficacia."
KaizenInsights,https://kaizen.com/es/insights-es/comprender-lean-manufacturing-guia/,"La fabricación Lean representa una metodología enfocada en la optimización de los procesos de producción, fundamentada en principios esenciales que dirigen a las organizaciones hacia la excelencia. A continuación, exploramos los cinco pilares fundamentales y el proceso para identificar y eliminar desperdicios."
KaizenInsights,https://kaizen.com/es/insights-es/comprender-lean-manufacturing-guia/,"Los cinco pilares de la fabricación Lean son principios fundamentales que sustentan esta filosofía de gestión, orientando a las organizaciones en la implementación de procesos más eficientes y en la eliminación de desperdicios. Forman la base para la creación de valor y la mejora continua dentro de una producción Lean. Los cinco pilares son:"
KaizenInsights,https://kaizen.com/es/insights-es/comprender-lean-manufacturing-guia/,"La identificación y eliminación de Muda (desperdicio en japonés) es central para la filosofía Lean. Los desperdicios se definen como cualquier actividad que consume recursos, pero que no crea valor para el cliente. Tradicionalmente, la Muda se clasifica en siete tipos:"
KaizenInsights,https://kaizen.com/es/insights-es/comprender-lean-manufacturing-guia/,"La eliminación de estos desperdicios se logra mediante la aplicación de herramientas y técnicas específicas, comoAnálisis de Flujo de Valor, Diseño de Línea Lean, Kanban, Planificación Pull, entre muchas otras, con el objetivo de hacer los procesos más eficientes, ágiles y adaptables a las necesidades de los clientes, asegurando así la sostenibilidad en la producción y la competitividad de la organización en el mercado."
KaizenInsights,https://kaizen.com/es/insights-es/comprender-lean-manufacturing-guia/,"El Sistema de Producción Toyota (Toyota Production System– TPS) transformó la industria automotriz y se convirtió en el paradigma parasistemas de producción Leanen todo el mundo. Desarrollado justo después de la Segunda Guerra Mundial, el TPS fue influenciado por las limitaciones de recursos y necesidades del mercado japonés. Bajo el liderazgo de figuras como Taiichi Ohno, Toyota buscó crear un sistema que pudiera responder rápidamente a los cambios en la demanda de los clientes, minimizar stocks y asegurar más calidad en sus vehículos."
KaizenInsights,https://kaizen.com/es/insights-es/comprender-lean-manufacturing-guia/,"El Sistema de Producción de Toyota se sustenta en dos pilares principales:Just-in-Time(JIT) y «Jidoka». El JIT busca producir lo necesario, en la cantidad necesaria y en el momento necesario, mientras que el Jidoka es un enfoque que busca la identificación y corrección inmediata de problemas en la línea de producción."
KaizenInsights,https://kaizen.com/es/insights-es/comprender-lean-manufacturing-guia/,"Otras aproximaciones se utilizan dentro del TPS para promover la eficiencia y la mejora continua, como KAIZEN™ (Mejora Continua), sistema Kanban (Señalización Visual), 5S (metodología de organización del lugar de trabajo), Heijunka (Nivelación de la Producción), entre muchas otras."
KaizenInsights,https://kaizen.com/es/insights-es/comprender-lean-manufacturing-guia/,"El impacto del Sistema de Producción Toyota fue profundo, inspirando la adopción de prácticas Lean yLean Six Sigmaen diversos sectores en todo el mundo. El TPS no es solo un conjunto de técnicas, es una filosofía de gestión que pone énfasis en el liderazgo, en el desarrollo de personas y en una cultura de mejora continua. Este modelo Lean continúa siendo una referencia para organizaciones que buscan la excelencia operacional y también ha evolucionado a lo largo del tiempo, pero sin nunca olvidar sus principios básicos."
KaizenInsights,https://kaizen.com/es/insights-es/comprender-lean-manufacturing-guia/,"La implementación deLean Manufacturingse centra en tres grandes temas: la estabilidad básica, el flujo de la producción y el flujo de la logística interna. Estos elementos forman la columna vertebral de un sistema de producción Lean, permitiendo a las empresas responder con agilidad al mercado, mientras mantienen la calidad y minimizan costes. A continuación, detallamos cada uno de estos temas."
KaizenInsights,https://kaizen.com/es/insights-es/comprender-lean-manufacturing-guia/,"Laestabilidad básicaes esencial en el contexto delLean Manufacturing, sirviendo como fundamento para un sistema de producción eficiente y de calidad. Esta estabilidad se basa en estos cuatro pilares:"
KaizenInsights,https://kaizen.com/es/insights-es/comprender-lean-manufacturing-guia/,"La sinergia de estos elementos forma la base para operaciones consistentes y efectivas, fundamentales para el éxito en la adopción de los principios Lean."
KaizenInsights,https://kaizen.com/es/insights-es/comprender-lean-manufacturing-guia/,"El flujo en la producción es esencial para maximizar la productividad. Para alcanzar un flujo continuo y eficiente, se implementan varias estrategias y herramientas:"
KaizenInsights,https://kaizen.com/es/insights-es/comprender-lean-manufacturing-guia/,"La logística interna, en un sistema Lean, busca garantizar un suministro eficiente y estandarizado de materiales para la producción, basándose en:"
KaizenInsights,https://kaizen.com/es/insights-es/comprender-lean-manufacturing-guia/,"El camino del Lean Manufacturing hacia la excelencia operacional encuentra en la tecnología un aliado poderoso. A medida que avanzamos en la era digital, la unión entre los principios Lean y las innovaciones tecnológicas abre nuevas puertas para laoptimización de procesos, eficiencia y creación de valor."
KaizenInsights,https://kaizen.com/es/insights-es/comprender-lean-manufacturing-guia/,"Los sistemas de Planificación de Recursos Empresariales (ERP –Enterprise Resource Planning) han representado y continúan representando una pieza clave en la incorporación de la tecnología en los principios Lean. La integración de soluciones ERP con la filosofía Lean ha permitido a las organizaciones mejorar el flujo de información, automatizar procesos y facilitar latoma de decisiones basada en datos. Esta combinación potencia la visibilidad sobre toda la cadena de valor, desde la gestión de inventario hasta la satisfacción del cliente, asegurando que los recursos se utilizan de forma más eficaz y alineada con los objetivos dereducción de desperdiciosy mejora continua."
KaizenInsights,https://kaizen.com/es/insights-es/comprender-lean-manufacturing-guia/,"Latransformación digitalofrece una oportunidad sin precedentes para la implementación del Lean. Herramientas como Internet de las Cosas (IoT),inteligencia artificial(IA) y análisis de datos, cuando se aplican dentro del contexto Lean, pueden revolucionar la forma en que las organizaciones detectan y eliminan desperdicios."
KaizenInsights,https://kaizen.com/es/insights-es/comprender-lean-manufacturing-guia/,"La IoT, por ejemplo, permite la monitorización en tiempo real de los procesos de producción, facilitando la identificación de ineficiencias y la implementación de mejoras de forma más ágil. La inteligencia artificial y elanálisis de datos, por su parte, ofrecen insights predictivos que ayudan en la optimización de los procesos y en la toma de decisiones proactivas. Estas son solo algunas de las muchas formas en que la transformación digital puede ayudar al Lean."
KaizenInsights,https://kaizen.com/es/insights-es/comprender-lean-manufacturing-guia/,"A medida que las organizaciones se adaptan al entorno digital, la integración entre Lean y tecnología se convierte en una estrategia fundamental para alcanzar la excelencia operacional, demostrando que, incluso en un mundo cada vez más digital, los principios delLean Manufacturingsiguen siendo tan relevantes como siempre."
KaizenInsights,https://kaizen.com/es/insights-es/comprender-lean-manufacturing-guia/,"La integración de la automatización enLean Manufacturingrepresenta una estrategia poderosa. A diferencia de la automatización tradicional, que a menudo busca aumentar la capacidad de producción sin considerar las necesidades reales, la automatización Lean se enfoca en la aplicación inteligente y selectiva de tecnologías para cumplir objetivos específicos de mejora continua y para eliminar ineficiencias."
KaizenInsights,https://kaizen.com/es/insights-es/comprender-lean-manufacturing-guia/,"La automatización Lean no trata simplemente de reemplazar el trabajo humano por máquinas, sino de identificar áreas dentro de los procesos donde la automatización puede aportar beneficios reales en términos de calidad, tiempo y coste. Esto implica una evaluación estructurada para asegurar que la implementación de robótica y sistemas autónomos esté alineada con la estrategia definida y no introduzca exceso de capacidad o complejidad operativa innecesaria."
KaizenInsights,https://kaizen.com/es/insights-es/comprender-lean-manufacturing-guia/,"En resumen, elLean Manufacturinges más que un conjunto de herramientas o técnicas de producción; es una filosofía que guía la forma en que una empresa organiza y gestiona sus operaciones. Su objetivo final es crear el máximo valor con el mínimo desperdicio, promoviendo una cultura de mejora continua e innovación."
KaizenInsights,https://kaizen.com/es/insights-es/comprender-lean-manufacturing-guia/,"A medida que avanzamos en el siglo XXI, la fabricación Lean continúa adaptándose y evolucionando, manteniéndose como una filosofía fundamental para organizaciones que buscan la excelencia operacional y sostenibilidad. Mirando hacia el futuro, elLean Manufacturingdebe seguir enfrentando los desafíos emergentes, como la creciente demanda por personalización en masa, la necesidad de prácticas de producción más sostenibles y la integración de cadenas de suministro globales cada vez más complejas. Sin embargo, la capacidad de responder rápidamente a estas tendencias, aprovechando las herramientas y principios Lean, será crucial para el éxito a largo plazo de las organizaciones. A través de su adaptación constante e integración con nuevas tecnologías, el Lean está bien posicionado para continuar llevando a las organizaciones hacia laexcelencia operacional, apostando por la sostenibilidad y creando valor para clientes ystakeholders."
KaizenInsights,https://kaizen.com/es/insights-es/comprender-lean-manufacturing-guia/,"KAIZEN™, que significa mejora continua, es uno de los pilares fundamentales del Lean Manufacturing. El KAIZEN™ es una filosofía de gestión que involucra a toda la organización en la mejora de los procesos, productos y servicios. Se centra en la eliminación de desperdicios y en el aumento del valor para el cliente."
KaizenInsights,https://kaizen.com/es/insights-es/comprender-lean-manufacturing-guia/,"El Lean Manufacturing se enfoca en la eliminación continua de desperdicios y en la maximización del valor para el cliente. Es decir, utiliza menos recursos y produce productos de mayor valor para el cliente, en comparación con los métodos tradicionales de producción."
KaizenInsights,https://kaizen.com/es/insights-es/comprender-lean-manufacturing-guia/,"La fabricación Lean puede aumentar significativamente la productividad de la fuerza laboral al mejorar procesos, reducir desperdicios y al promover un entorno de trabajo más organizado y eficiente. Esto también puede llevar a un aumento en la satisfacción de los empleados, ya que se les involucra en la mejora de los procesos."
KaizenInsights,https://kaizen.com/es/insights-es/comprender-lean-manufacturing-guia/,"La adopción del Lean Manufacturing puede llevar a beneficios ambientales significativos, incluyendo la reducción del consumo de recursos (como energía, agua y materia prima), la disminución de la generación de residuos y emisiones, y la promoción de procesos más sostenibles y eficientes. Puede también impactar en la creación de productos más sostenibles a través deldesarrollo Lean de producto."
KaizenInsights,https://kaizen.com/es/insights-es/comprender-lean-manufacturing-guia/,"La transición al Lean Manufacturing conduce a ahorros de costes substanciales, gracias a la disminución de desperdicios, lamejora de la eficiencia operacionaly la mejor utilización de recursos. Estos cambios no solo aumentan los márgenes de beneficio, sino que también refuerzan la competitividad en el mercado. A menudo, resultan también en un aumento de ventas, por la mejora del servicio y del producto."
KaizenInsights,https://kaizen.com/es/insights-es/comprender-lean-manufacturing-guia/,Comprender el Lean Manufacturing: Guía KAIZEN™
KaizenInsights,https://kaizen.com/es/insights-es/comprender-lean-manufacturing-guia/,Introducción a la fabricación Lean (producción)
KaizenInsights,https://kaizen.com/es/insights-es/comprender-lean-manufacturing-guia/,Mejora la eficiencia de tus operaciones de fabricación
KaizenInsights,https://kaizen.com/es/insights-es/comprender-lean-manufacturing-guia/,Los principios fundamentales de la fabricación Lean
KaizenInsights,https://kaizen.com/es/insights-es/comprender-lean-manufacturing-guia/,Identificación y eliminación de desperdicio
KaizenInsights,https://kaizen.com/es/insights-es/comprender-lean-manufacturing-guia/,El sistema de producción Toyota: un modelo Lean
KaizenInsights,https://kaizen.com/es/insights-es/comprender-lean-manufacturing-guia/,Lean en la era de la transformación digital
KaizenInsights,https://kaizen.com/es/insights-es/comprender-lean-manufacturing-guia/,¿Todavía tienes dudas sobre el Lean Manufacturing?
KaizenInsights,https://kaizen.com/es/insights-es/comprender-lean-manufacturing-guia/,¿Cuál es el papel del KAIZEN™ en la fabricación Lean?
KaizenInsights,https://kaizen.com/es/insights-es/comprender-lean-manufacturing-guia/,¿Cuál es la diferencia entre Lean Manufacturing y los métodos tradicionales de producción?
KaizenInsights,https://kaizen.com/es/insights-es/comprender-lean-manufacturing-guia/,¿Cuál es el impacto del Lean Manufacturing en la productividad de la fuerza laboral?
KaizenInsights,https://kaizen.com/es/insights-es/comprender-lean-manufacturing-guia/,¿Cuáles son los beneficios ambientales de adoptar el Lean Manufacturing?
KaizenInsights,https://kaizen.com/es/insights-es/comprender-lean-manufacturing-guia/,¿Cuáles son las implicaciones financieras de pasar a un sistema de fabricación Lean?
ENAEBlog,https://www.enae.es/blog/metodologia-lean,Un espacio en el que podrán disfrutar de ventajas exclusivas e intercambiar conocimientos y experiencias.
ENAEBlog,https://www.enae.es/blog/metodologia-lean,"La Metodología Lean ha emergido como una estrategia esencial en la optimización de procesos organizacionales, permitiendo la reducción de desperdicios, la mejora de la eficiencia y la maximización del valor percibido por el cliente. Originada en el Sistema de Producción de Toyota (TPS), Lean ha evolucionado y trascendido los límites de la manufactura, consolidándose como una metodología aplicable a múltiples industrias, incluyendo el desarrollo de software, la gestión de servicios y el emprendimiento. Este artículo proporciona un análisis profundo de los principios fundamentales de Lean, sus herramientas clave y los desafíos inherentes a su implementación."
ENAEBlog,https://www.enae.es/blog/metodologia-lean,"LaMetodología Lean se sustenta en la premisa de que cualquier proceso organizacional contiene actividades que agregan valor y actividades que no lo hacen.Su propósito central es la erradicación de desperdicios (muda), la reducción de la sobrecarga (muri) y la mitigación de la variabilidad (mura), con el objetivo de incrementar la eficiencia global del sistema productivo."
ENAEBlog,https://www.enae.es/blog/metodologia-lean,"La Metodología Lean enfatiza la identificación y maximización del valor desde la perspectiva del usuario final. A través de la recopilación de datos cualitativos y cuantitativos, las organizaciones pueden discernir qué elementos de su oferta son considerados valiosos y focalizar sus esfuerzos en la optimización de estos aspectos."
ENAEBlog,https://www.enae.es/blog/metodologia-lean,El concepto de Kaizen impulsa la optimización progresiva mediante la participación activa de todos los niveles organizacionales. Su implementación requiere un liderazgo comprometido y un entorno organizacional que favorezca la experimentación y la innovación incremental.
ENAEBlog,https://www.enae.es/blog/metodologia-lean,"Un flujo de trabajo bien estructurado permite la minimización de interrupciones y el balanceo adecuado de las cargas de trabajo, mejorando la predictibilidad y la estabilidad operativa. La sincronización de procesos es clave para evitar acumulaciones innecesarias de inventario y tiempos de espera prolongados."
ENAEBlog,https://www.enae.es/blog/metodologia-lean,"La producción bajo demanda reduce el desperdicio de recursos y mejora la adaptabilidad a las fluctuaciones del mercado. Al implementar un sistema pull, se evita la generación de stock innecesario y se optimizan los tiempos de entrega al cliente."
ENAEBlog,https://www.enae.es/blog/metodologia-lean,Lean Manufacturing adopta un conjunto de herramientas diseñadas para eliminar desperdicios y mejorar la eficiencia operativa:
ENAEBlog,https://www.enae.es/blog/metodologia-lean,"En el ámbito del emprendimiento, Lean Startup introduce un enfoque de desarrollo iterativo basado en:"
ENAEBlog,https://www.enae.es/blog/metodologia-lean,"Metodologías ágiles como Scrum y Kanban incorporan los principios de Lean para garantizar la entrega rápida de valor en entornos dinámicos. Su implementación permite la optimización de la planificación, ejecución y control de proyectos, alineando recursos con objetivos estratégicos."
ENAEBlog,https://www.enae.es/blog/metodologia-lean,"Si bien la implementación de Lean ofrece múltiples beneficios, su adopción no está exenta de dificultades. Entre los principales desafíos se incluyen:"
ENAEBlog,https://www.enae.es/blog/metodologia-lean,"La Metodología Lean representa un enfoque sistémico y estratégico para la mejora organizacional. Su aplicación efectiva requiere una comprensión profunda de sus principios y herramientas, así como un compromiso sostenido con la mejora continua. En un entorno de creciente competitividad, la adopción de Lean no solo permite reducir costos y optimizar procesos, sino quetambién impulsa la creación de valor sostenible y la diferenciación en el mercado.Aquellas organizaciones que logren interiorizar y aplicar sus principios de manera efectiva estarán mejor posicionadas para afrontar los desafíos del futuro y garantizar su viabilidad a largo plazo."
ENAEBlog,https://www.enae.es/blog/metodologia-lean,"Durante décadas, el área de Recursos Humanos ha luchado por tener ""un sitio en la mesa de dirección""."
ENAEBlog,https://www.enae.es/blog/metodologia-lean,Metodología Lean: Enfoque Avanzado para la Optimización de Procesos
ENAEBlog,https://www.enae.es/blog/metodologia-lean,Principios Claves de Lean y su Implicación Estratégica
ENAEBlog,https://www.enae.es/blog/metodologia-lean,"Eliminación de desperdicios: Muda, Muri y Mura"
ENAEBlog,https://www.enae.es/blog/metodologia-lean,Flujo de trabajo eficiente y reducción de variabilidad
ENAEBlog,https://www.enae.es/blog/metodologia-lean,Herramientas Claves para la Implementación de Lean
ENAEBlog,https://www.enae.es/blog/metodologia-lean,Lean Manufacturingy sus mecanismos de optimización
ENAEBlog,https://www.enae.es/blog/metodologia-lean,Lean Startup: Metodología para la Innovación Ágil
ENAEBlog,https://www.enae.es/blog/metodologia-lean,Aplicación de Lean en laGestión de Proyectos
ENAEBlog,https://www.enae.es/blog/metodologia-lean,Beneficios Tangibles de la Implementación de Lean
ENAEBlog,https://www.enae.es/blog/metodologia-lean,Desafíos y Factores Críticos en la Adopción de Lean
ENAEBlog,https://www.enae.es/blog/metodologia-lean,"MÁSTER EN RECURSOS HUMANOS, IA Y TALENTO DIGITAL"
ENAEBlog,https://www.enae.es/blog/metodologia-lean,"MÁSTER EN RECURSOS HUMANOS, IA Y TALENTO DIGITAL DOBLE TITULO MBA"
ENAEBlog,https://www.enae.es/blog/metodologia-lean,Master en People Analytics Mención IA y Data Science para Recursos Humanos
ENAEBlog,https://www.enae.es/blog/metodologia-lean,Eventos Marketing: Los congresos más top en España 2026 [Agenda Actualizada]
ENAEBlog,https://www.enae.es/blog/metodologia-lean,Transformación Digital con IA: Inicia tu Formación con el Curso de IA para Negocios
ENAEBlog,https://www.enae.es/blog/metodologia-lean,"Power BI: qué es, para qué sirve y cómo aprovecharlo al máximo en tu empresa"
ENAEBlog,https://www.enae.es/blog/metodologia-lean,Más allá del algoritmo: Por qué un foro de empleo presencial es la respuesta al 'ghosting' actual
ENAEBlog,https://www.enae.es/blog/metodologia-lean,Business Intelligence: qué es y por qué formarse en datos dispara tu empleabilidad
ENAEBlog,https://www.enae.es/blog/metodologia-lean,Salidas profesionales de un Máster en Dirección de Empresas (MBA)
Ideatec,https://www.ideatec.es/blog/desarrollo-sostenible-es/metodo-lean/,"ElMétodo Leanes una filosofía de gestión que busca la eficiencia y la mejora continua en cualquier tipo de organización. A continuación, definiremos qué es elLean Manufacturing, sus principios fundamentales y cómo se aplica para eliminar desperdicios y optimizar procesos. Además, analizaremos sus beneficios en términos de productividad, calidad, reducción de costes y su aporte a lasostenibilidad ambiental."
Ideatec,https://www.ideatec.es/blog/desarrollo-sostenible-es/metodo-lean/,"Es un método innovador que pretende optimizar los procesos productivos y de gestión de una empresa. En esencia, reduce la inversión de recursos, tiempo y esfuerzo."
Ideatec,https://www.ideatec.es/blog/desarrollo-sostenible-es/metodo-lean/,"Esta filosofía de gestión empresarial surge en los 80, en Japón. Taiichi Ohno, ingeniero de Toyota, quería lograr que, en particular, la fabricación de vehículos de la marca fuese más eficiente."
Ideatec,https://www.ideatec.es/blog/desarrollo-sostenible-es/metodo-lean/,"A partir de entonces, este método empezó a utilizarse en todas las fábricas automovilísticas japonesas. Después se expandió al resto del mundo y se vio que es aplicable a cualquier sector. Así surgió en 2011 elLean Manufacturing(APD, 2023)."
Ideatec,https://www.ideatec.es/blog/desarrollo-sostenible-es/metodo-lean/,"El Método Lean se basa en dos pilares fundamentales:primero, la mejora continua, ysegundo, el respeto a las personas."
Ideatec,https://www.ideatec.es/blog/desarrollo-sostenible-es/metodo-lean/,"Los principios delMétodo Lean, desarrollados a partir de estos dos factores, son los siguientes:"
Ideatec,https://www.ideatec.es/blog/desarrollo-sostenible-es/metodo-lean/,"Como hemos visto, elMétodo Leanbusca una mayor satisfacción de los clientes empleando el menor número de recursos posibles y eliminando desperdicios. A estos últimos se los denomina MUDA, una palabra que deriva de la palabra “desperdicio” en japonés."
Ideatec,https://www.ideatec.es/blog/desarrollo-sostenible-es/metodo-lean/,"Las herramientas Lean son poderosas aliadas para la descarbonización, en la lucha contra el cambio climático."
Ideatec,https://www.ideatec.es/blog/desarrollo-sostenible-es/metodo-lean/,Las tecnologías digitales pueden potenciar los beneficios delLean Greeny acelerar la transición hacia una producción más sostenible impulsando estos factores:
Ideatec,https://www.ideatec.es/blog/desarrollo-sostenible-es/metodo-lean/,"Como hemos anticipado, aplicando las herramientas y principios delLean Green, las organizaciones pueden reducir su huella de carbono, mejorar su eficiencia y contribuir a la sostenibilidad ambiental."
Ideatec,https://www.ideatec.es/blog/desarrollo-sostenible-es/metodo-lean/,Algunos beneficios de aplicarLean Greenpara lograr la descarbonización son los siguientes:
Ideatec,https://www.ideatec.es/blog/desarrollo-sostenible-es/metodo-lean/,La implementación exitosa de una estrategiaLean Greenpara contribuir a la descarbonización y aldesarrollo sosteniblerequiere de un enfoque sistemático y la participación de todos los niveles de la organización.
Ideatec,https://www.ideatec.es/blog/desarrollo-sostenible-es/metodo-lean/,"En línea con estos esfuerzos, muchas empresas están explorando el uso de materiales reciclados como elPlástico PETpara reducir su dependencia de recursos vírgenes y minimizar su impacto ambiental."
Ideatec,https://www.ideatec.es/blog/desarrollo-sostenible-es/metodo-lean/,"Desde hace décadas, numerosas empresas han implementado elLean Manufacturing. Te compartimos dos casos de éxito:"
Ideatec,https://www.ideatec.es/blog/desarrollo-sostenible-es/metodo-lean/,"En definitiva, podemos concluir que elMétodo Leanpuede aumentar significativamente la efectividad de una empresa. Y que contribuye poderosamente a la sostenibilidad ambiental, reduciendo su emisión de gases de efecto invernadero y su generación de residuos."
Ideatec,https://www.ideatec.es/blog/desarrollo-sostenible-es/metodo-lean/,"Método Lean: productividad, calidad y sostenibilidad empresarial"
Ideatec,https://www.ideatec.es/blog/desarrollo-sostenible-es/metodo-lean/,Introducción alMétodo Lean: Eficiencia Inteligente
Ideatec,https://www.ideatec.es/blog/desarrollo-sostenible-es/metodo-lean/,¿Qué es elMétodo Leany cuáles son sus principios?
Ideatec,https://www.ideatec.es/blog/desarrollo-sostenible-es/metodo-lean/,Herramientas y técnicas clave delMétodo Lean
Ideatec,https://www.ideatec.es/blog/desarrollo-sostenible-es/metodo-lean/,Implementando elMétodo Leanpara la sostenibilidad ambiental
Ideatec,https://www.ideatec.es/blog/desarrollo-sostenible-es/metodo-lean/,Beneficios delMétodo Leanen la reducción de costes y recursos
Ideatec,https://www.ideatec.es/blog/desarrollo-sostenible-es/metodo-lean/,Método Lean: mejora continua para la sostenibilidad a largo plazo
Ideatec,https://www.ideatec.es/blog/desarrollo-sostenible-es/metodo-lean/,Ejemplos de aplicación delMétodo Leanen empresas sostenibles
IEP,https://iep.edu.es/filosofia-lean/,"Si estás interesado o interesada en formar parte del mundo empresarial, es muy posible que hayas oído hablar dellean manufacturing o metodología lean. Se trata de un modelo disruptivo de gestión que ha llevado hacia el éxito a muchas compañías a nivel internacional. En este post te contamos cuáles son sus principios y por qué es tan importante."
IEP,https://iep.edu.es/filosofia-lean/,"Lean es una filosofía de trabajo basada en la optimización de los recursos y en la eliminación de los desechos, es decir, aquellos procesos y subprocesos que no generan ningún tipo de valor en la cadena de suministro."
IEP,https://iep.edu.es/filosofia-lean/,El objetivo de la metodología lean es conseguir la satisfacción de los clientes mediante acciones de mejora continua y eficacia en la gestión.
IEP,https://iep.edu.es/filosofia-lean/,El primer paso es llevar a cabo una investigación de mercado parasaberqué están buscando nuestros clientes potenciales. Tenemos que descubrir cuáles son sus necesidades y ofrecerles la mejor solución para satisfacerlas.
IEP,https://iep.edu.es/filosofia-lean/,"Consiste enidentificar todos los pasos necesarios para elaborar un producto o servicio, desde los proveedores hasta el consumidor final. Solo si destapamos las actividades inservibles podremos suprimirlas de nuestra labor."
IEP,https://iep.edu.es/filosofia-lean/,"Implica minimizar los tiempos de duración de las distintas fases para obtener rentabilidad durante todo el proceso. Para ello, es fundamentaloptimizar la distribución de los espacios, los flujos de transporte y el reparto de tareasentre los trabajadores."
IEP,https://iep.edu.es/filosofia-lean/,"Se trata de adaptar la producción alpullde los clientes, o lo que es lo mismo,generar exclusivamente los bienes que demandan los consumidoresen cada momento. Es la mejor forma de evitar el exceso de inventario y rentabilizar la inversión."
IEP,https://iep.edu.es/filosofia-lean/,"Los modelos lean utilizan la búsqueda de la perfección como método de trabajo, analizando una y otra vez las técnicas empleadas para identificar fallos y seguir implementando acciones de mejora de manera constante."
IEP,https://iep.edu.es/filosofia-lean/,"Al solucionar los problemas en origen,el lean manufacturingevita la repetición de erroresa lo largo de la cadena logística. De este modo, se impide la fabricación y la puesta a la venta de mercancías defectuosas."
IEP,https://iep.edu.es/filosofia-lean/,La mejora en los procedimientos y la eliminación completa de desperdiciosse traduce en un ahorro de tiempo y dinerocrucial para asegurar la viabilidadde los negocios en el mercado en el que operan.
IEP,https://iep.edu.es/filosofia-lean/,"La búsqueda de la calidad totalincrementa notablemente los índices de satisfacción de los consumidorescon nuestros productos y servicios, así como la valoración que hacen sobre nuestra marca."
IEP,https://iep.edu.es/filosofia-lean/,"Implantar los principios de la filosofía lean supone un cambio estratégico en la política corporativa.Las decisiones se toman de forma descentralizada y con la participación de todo el equipo, favoreciendo el engagement de los trabajadores y, por tanto, su rendimiento."
IEP,https://iep.edu.es/filosofia-lean/,"Gracias a la eliminación del despilfarro y a la optimización de los recursos,los índices de productividad de las empresas se disparan, haciéndolas más rentables, competitivas y duraderas."
IEP,https://iep.edu.es/filosofia-lean/,"Si deseas conocer más detalles sobre lametodología lean, te invitamos a consultar nuestroMBA con énfasis en Supply Chain Management & Logistics. Es un posgrado online muy útil para aprender todo lo relacionado con esta y otras técnicas de gestión empresarial. ¡No dudes encontactar con nosotrospara obtener más información!"
IEP,https://iep.edu.es/filosofia-lean/,"Ranking de las 10 profesiones mejor pagadas en 2025, con explicación del rol, sectores y salario medio anual."
IEP,https://iep.edu.es/filosofia-lean/,"Avanzamos de forma decidida en calidad académica, posicionamiento internacional, acreditaciones, expansión territorial y fortalecimiento de nuestra comunidad."
IEP,https://iep.edu.es/filosofia-lean/,"Conoce 5 certificados de calidad y cómo mejoran procesos, confianza y cumplimiento, con ejemplos de empresas que los aplican."
IEP,https://iep.edu.es/filosofia-lean/,Tel: +34 91 661 39 95Estudiantes:[email protected]Empresas:[email protected]Habla con Nosotros
IEP,https://iep.edu.es/filosofia-lean/,Filosofía Lean. ¿Qué es un modelo lean y cuáles son sus principios?
IEP,https://iep.edu.es/filosofia-lean/,Principales ventajas de la metodología lean
IEP,https://iep.edu.es/filosofia-lean/,"Consolidamos un año histórico de logros académicos, expansión institucional y reconocimientos internacionales."
IEP,https://iep.edu.es/filosofia-lean/,Principales certificados de calidad en el sector empresarial
